k,Mean ARI,Min ARI,Max ARI
2,0.1619914988962754,0.003941729287782058,0.7913768174553737
3,0.7853359169425298,0.5135992666589682,1.0
4,0.5864399500428571,0.4429259379061077,1.0
5,0.9304391405191156,0.8311661315209733,1.0
6,0.5056749477918088,0.3814937620239266,0.9623806078131384
7,0.77108271614103,0.5343289648916272,0.9557650092371276
8,0.7587171471748301,0.5187665519281288,0.9887094439372603
9,0.7107054877599444,0.5456592283646927,0.7731800886206966
10,0.7472011180293455,0.557788857777094,0.9303134593527962
