Feature,Data Type,Missing Count,Missing Percentage,Unique Values,Mean,Std,Min,Median,Max,Skewness,Used For Clustering,Reason Excluded
STORE_CODE,object,0,0.0,761,,,,,,,No,Identifier
SPEND_sum_sum,float64,0,0.0,761,78427.81609724047,50645.70578652522,3564.2,70567.18,258690.41,0.6121000505727584,Yes,None
SPEND_sum_mean,float64,0,0.0,761,674.0823779604923,432.5288891517882,30.46324786324786,612.2407692307692,2211.0291452991455,0.5981112524555038,Yes,None
SPEND_sum_std,float64,0,0.0,761,153.69036400892307,133.02023329267115,17.126830978334784,144.07535219155895,2549.710322589945,9.569902988397285,Yes,None
TXN_count_sum,int64,0,0.0,761,40811.92509855454,24786.74226478666,2170.0,37414.0,132964.0,0.5509833654442365,Yes,None
QUANTITY_sum_sum,int64,0,0.0,761,61509.49408672799,38050.66179904143,3313.0,56137.0,202102.0,0.578969601821329,Yes,None
BASKET_nunique_sum,int64,0,0.0,732,6224.31011826544,2819.010661844835,987.0,5799.0,15704.0,0.44272464977539516,Yes,None
CUST_nunique_sum,int64,0,0.0,708,3253.250985545335,1688.9206281643785,426.0,2975.0,9211.0,0.591749926197276,Yes,None
PROD_nunique_sum,int64,0,0.0,757,31684.107752956636,17694.359983932893,2025.0,29944.0,87588.0,0.3519446858370616,Yes,None
WEEK_nunique_sum,int64,0,0.0,18,116.36136662286465,5.042924195907964,54.0,117.0,117.0,-9.182014021413254,Yes,None
SPEND_cv,float64,0,0.0,761,0.261762847993198,0.12612502788439717,0.14405438119113995,0.22576875571852265,1.7018835848490814,4.751841572459113,Yes,None
