k,Silhouette,Davies-Bouldin,Calinski-Harabasz,Min Cluster Size,Largest Cluster %
2,0.45358514962830265,0.8783564699465465,425.8210835874221,359,52.82522996057819
3,0.4737914984101902,0.9153878706024026,438.71275416594756,13,52.82522996057819
4,0.480298433798895,0.6093973064754479,490.9482082586109,3,52.82522996057819
5,0.4208128693546172,0.7200543017948488,594.5157639500102,3,45.466491458607095
6,0.43978361198920735,0.7886995953303684,594.6631722963846,3,45.466491458607095
7,0.37507409223589766,0.8002353788922765,637.2304770589485,3,32.06307490144547
8,0.3686863388271407,0.7599835399450697,663.0493557526036,3,32.06307490144547
9,0.368444055089479,0.7069452802917933,651.1066610461739,1,32.06307490144547
10,0.3685784804619953,0.6817414797593907,647.8195492210754,1,32.06307490144547
