Algorithm,k,Silhouette,Davies-Bouldin,Calinski-Harabasz,Min Cluster Size,Max Cluster Size,Largest Cluster %,Mean ARI,Min ARI,Max ARI,Business Interpretability
K-Means,2,0.721324851976626,0.5047040459223959,138.97133686777178,10,751,98.68593955321944,0.1619914988962754,0.003941729287782058,0.7913768174553737,Imbalanced
K-Means,3,0.48572542511944883,0.6703003961142043,434.27732893302715,10,424,55.7161629434954,0.7853359169425298,0.5135992666589682,1.0,Acceptable
K-Means,4,0.49621814159109706,0.6129541355542258,521.3586967025744,3,424,55.7161629434954,0.5864399500428571,0.4429259379061077,1.0,Acceptable
K-Means,5,0.45143366957601927,0.6733184958932262,647.2881702385785,3,329,43.23258869908016,0.9304391405191156,0.8311661315209733,1.0,Acceptable
K-Means,6,0.4509286838067315,0.5956942474420802,559.3727039598355,1,329,43.23258869908016,0.5056749477918088,0.3814937620239266,0.9623806078131384,Acceptable
K-Means,7,0.4110110566606495,0.6076678044961693,641.4723051219222,1,264,34.69119579500657,0.77108271614103,0.5343289648916272,0.9557650092371276,Acceptable
K-Means,8,0.4046163133584178,0.7422330990525395,742.0023234441752,3,216,28.383705650459923,0.7587171471748301,0.5187665519281288,0.9887094439372603,Acceptable
K-Means,9,0.3819195832680693,0.7781375207155032,715.8324212624098,3,173,22.733245729303547,0.7107054877599444,0.5456592283646927,0.7731800886206966,Acceptable
K-Means,10,0.3816878814328391,0.7283334244794414,729.5434796468661,1,173,22.733245729303547,0.7472011180293455,0.557788857777094,0.9303134593527962,Acceptable
