Feature_Variant,Preprocessing,Algorithm,k,Silhouette,DB,CH,Mean_ARI,Min_ARI,Min_Cluster,Max_Cluster,Largest_%,Cluster_Distribution,Interpretability,norm_Mean_ARI,norm_Silhouette,norm_Largest_%,composite
A_Baseline,Log1p+StandardScaler,ward,2,0.4536,0.8784,425.8211,1.0,1.0,359,402,52.83,359 / 402,Acceptable,1.0,0.8929398148148148,0.44909959573686153,0.8026118231655028
A_Baseline,Log1p+StandardScaler,kmeans,3,0.4906,0.9277,466.8022,0.9959,0.9897,15,425,55.85,425 / 321 / 15,Acceptable,0.9910850184822788,1.0,0.3381109886071296,0.7978673039750505
A_Baseline,Log1p+StandardScaler,kmeans,2,0.4637,0.8618,467.2782,1.0,1.0,334,427,56.11,427 / 334,Acceptable,1.0,0.9221643518518517,0.32855567805953695,0.7752160089734167
C_Hybrid,Log1p+StandardScaler,ward,4,0.2819,1.1503,314.7973,1.0,1.0,18,321,42.18,18 / 295 / 321 / 127,Acceptable,1.0,0.3961226851851851,0.840499816244028,0.770986750428764
A_Baseline,Log1p+StandardScaler,gmm,4,0.4474,1.2361,369.0113,0.7916,0.52,35,348,45.73,35 / 96 / 282 / 348,Acceptable,0.5468580126114372,0.875,0.7100330760749726,0.6942531278670667
B_Ratio,Log1p+StandardScaler,ward,2,0.3604,1.1506,378.7579,1.0,1.0,320,441,57.95,441 / 320,Acceptable,1.0,0.6232638888888888,0.2609334803381108,0.6652592107680999
C_Hybrid,Log1p+StandardScaler,ward,3,0.3222,1.0371,299.6758,1.0,1.0,18,422,55.45,422 / 18 / 321,Acceptable,1.0,0.5127314814814814,0.352811466372657,0.6596628843562415
C_Hybrid,Log1p+StandardScaler,ward,2,0.3146,1.1966,306.2947,1.0,1.0,339,422,55.45,339 / 422,Acceptable,1.0,0.4907407407407407,0.352811466372657,0.6530656621340194
C_Hybrid,Log1p+StandardScaler,kmeans,2,0.4039,1.0362,412.3193,1.0,1.0,266,495,65.05,495 / 266,Acceptable,1.0,0.7491319444444444,0.0,0.6247395833333333
B_Ratio,Log1p+StandardScaler,kmeans,2,0.3888,1.0692,421.7534,0.9832,0.9581,272,489,64.26,489 / 272,Acceptable,0.9634703196347031,0.7054398148148148,0.02903344358691629,0.6057301053744005
