STORE_CODE,cluster,distance_to_centroid,outlier_flag
STORE00001,1,0.5817824802752842,0
STORE00002,2,1.5346843665646246,0
STORE00003,1,0.35357672003218465,0
STORE00004,1,1.0779527627561367,0
STORE00006,1,0.33574321396276485,0
STORE00007,2,0.46561058565270397,0
STORE00008,1,1.0143129942218432,0
STORE00011,2,1.4147517935131944,0
STORE00013,1,0.4609829659480876,0
STORE00015,1,0.654186929267951,0
STORE00018,2,4.915226150961482,1
STORE00024,1,1.1755918034184085,0
STORE00025,1,0.5067840170610454,0
STORE00027,1,0.33618218126601945,0
STORE00028,1,1.418029407442941,0
STORE00030,1,2.419426258943817,0
STORE00036,1,1.369948430455071,0
STORE00051,2,0.9076048746845778,0
STORE00059,2,0.7083223722655784,0
STORE00062,2,1.472704196419626,0
STORE00065,1,1.1448618026911799,0
STORE00068,2,0.39149546566564153,0
STORE00072,1,1.3905291591061701,0
STORE00076,1,1.1201028892668945,0
STORE00077,1,1.4728607212903602,0
STORE00078,1,1.4400694282674362,0
STORE00091,2,2.270253537840234,0
STORE00093,2,1.9526994105920061,0
STORE00101,1,1.2204799704774065,0
STORE00102,1,0.7354866576033001,0
STORE00103,2,2.0637043318815365,0
STORE00107,1,0.4661681763799932,0
STORE00109,2,0.612589142190099,0
STORE00112,2,0.4053292418319449,0
STORE00113,1,0.4206022248196585,0
STORE00114,2,1.7743860838524599,0
STORE00119,2,0.6553411807858992,0
STORE00120,2,1.120008665427621,0
STORE00134,1,0.6282327362516761,0
STORE00138,1,0.4184345189943747,0
STORE00140,1,0.6881686493891511,0
STORE00145,2,1.4114827023343801,0
STORE00150,1,0.6926383212968779,0
STORE00153,2,4.29823540373038,1
STORE00159,2,1.4530471612498266,0
STORE00162,2,0.9531773430014322,0
STORE00165,2,0.5734206290102517,0
STORE00177,2,0.6270470550436434,0
STORE00180,1,0.8247734847646688,0
STORE00182,2,0.7027555771786457,0
STORE00183,2,3.018880393223075,1
STORE00201,2,0.7923734427586158,0
STORE00202,1,0.754462753229887,0
STORE00204,2,1.4021267306577336,0
STORE00207,2,1.4357779380261828,0
STORE00210,2,0.8668384021948133,0
STORE00216,1,0.5481247016922518,0
STORE00222,1,0.5560770658938757,0
STORE00223,1,1.3852808197606385,0
STORE00224,2,1.2068888924476728,0
STORE00227,1,1.4423126641776611,0
STORE00229,2,0.4943898307570572,0
STORE00234,1,1.4204427403059678,0
STORE00235,1,1.3190993096553532,0
STORE00237,1,0.48146218652169315,0
STORE00241,2,0.8858594744423353,0
STORE00242,2,1.1590407528571876,0
STORE00246,2,1.4894141821188476,0
STORE00251,1,1.3569774875971252,0
STORE00272,2,1.090384637292474,0
STORE00276,1,1.4684528366489924,0
STORE00277,1,1.228769505568527,0
STORE00278,1,2.1252347488217302,0
STORE00279,1,0.8725882037775813,0
STORE00282,2,0.49949850242302507,0
STORE00288,1,0.3282351755780279,0
STORE00289,1,0.9632305020724953,0
STORE00290,1,1.411126216581494,0
STORE00291,1,0.3771071631721544,0
STORE00296,1,0.7283321848711795,0
STORE00299,2,1.2023763648451142,0
STORE00307,1,0.9265652976535615,0
STORE00309,2,3.2922715451254496,1
STORE00317,2,2.9224502783951007,1
STORE00319,1,0.2989499367980399,0
STORE00326,2,0.8488560022231995,0
STORE00327,1,1.551828358486443,0
STORE00332,2,1.0074398807348928,0
STORE00336,2,0.8752782201364774,0
STORE00337,1,1.371442599980555,0
STORE00342,2,1.3248179195032475,0
STORE00343,1,2.1017414884301036,0
STORE00347,2,1.3171151656073796,0
STORE00350,2,0.29500070831641617,0
STORE00352,2,0.680300306140734,0
STORE00353,2,0.9515898524517146,0
STORE00357,2,1.2877493430496736,0
STORE00358,2,1.4711958904529228,0
STORE00359,1,1.745139479134799,0
STORE00361,2,1.5814434904155399,0
STORE00371,2,0.9377182707223004,0
STORE00375,1,0.8047409110225451,0
STORE00377,1,0.46909264480680973,0
STORE00379,1,1.0790962460237339,0
STORE00381,2,2.375058834031142,0
STORE00385,2,0.5302119644306804,0
STORE00386,1,0.4855922425604847,0
STORE00398,1,1.5555547735765427,0
STORE00401,1,0.9557171108177331,0
STORE00402,1,0.21443183007999278,0
STORE00409,2,1.116927965536977,0
STORE00412,2,1.913734392798094,0
STORE00422,1,1.0100900387106146,0
STORE00423,1,0.6921140597375031,0
STORE00425,2,1.391193523283821,0
STORE00426,2,2.024003076552777,0
STORE00428,2,1.260324688686958,0
STORE00432,1,1.6037209352077129,0
STORE00433,2,1.555622227291997,0
STORE00435,2,14.197835851939447,1
STORE00441,1,0.537981796546494,0
STORE00452,2,0.631229884547937,0
STORE00454,2,0.9198869141836401,0
STORE00457,2,0.7036978240553609,0
STORE00459,2,1.3138256657494636,0
STORE00460,1,1.4966520042270974,0
STORE00468,2,1.4374660335879879,0
STORE00470,1,1.0192905808296446,0
STORE00471,1,0.27368117667613406,0
STORE00473,2,1.7956871229423252,0
STORE00474,1,0.8122336916278775,0
STORE00476,1,1.5529260044509468,0
STORE00478,2,1.145683585429691,0
STORE00479,1,0.2229810383818563,0
STORE00485,2,0.8049957802950424,0
STORE00488,2,0.7976456046214419,0
STORE00491,2,0.4751526356677182,0
STORE00494,2,0.8758344296270355,0
STORE00496,2,1.5729165757721568,0
STORE00500,1,0.9815666010133087,0
STORE00502,1,0.5580017585403768,0
STORE00508,1,1.4863170996898394,0
STORE00526,2,0.6977518701623758,0
STORE00529,2,0.6278433104647482,0
STORE00531,1,0.2722545779937189,0
STORE00533,1,0.4408248283729223,0
STORE00535,1,0.5716814733806838,0
STORE00537,2,1.4630702991594673,0
STORE00538,2,3.986803442831033,1
STORE00542,2,0.9915817317927231,0
STORE00558,0,0.6853960029455808,0
STORE00560,1,1.1465432704539327,0
STORE00562,2,1.2788175921542575,0
STORE00573,1,1.6122822231388754,0
STORE00574,1,0.47053482565676236,0
STORE00582,1,0.733991708762455,0
STORE00584,2,0.7787846879632826,0
STORE00587,1,0.7694780201098127,0
STORE00602,2,2.24705476276123,0
STORE00603,1,0.9909862949275557,0
STORE00604,1,1.217242784590156,0
STORE00611,1,0.7324762923842115,0
STORE00615,1,0.41031880284839867,0
STORE00616,2,1.2644706778745183,0
STORE00622,2,1.4430590148483842,0
STORE00625,1,0.8141381510873098,0
STORE00631,1,0.4086609011391618,0
STORE00633,1,2.9061136757441806,1
STORE00637,2,1.4746884783446734,0
STORE00638,1,0.24668795311551248,0
STORE00639,1,0.5410719668763454,0
STORE00647,1,1.1930391247374599,0
STORE00648,1,0.282768350071578,0
STORE00651,1,1.0822812321067423,0
STORE00657,1,0.25536583404643914,0
STORE00662,2,1.1332442959696363,0
STORE00663,2,0.9881163437588216,0
STORE00665,1,1.1362930992592308,0
STORE00667,1,0.3735688788046484,0
STORE00673,1,1.5466313423204658,0
STORE00679,1,0.32100030692497705,0
STORE00681,1,0.8441031314483863,0
STORE00683,1,0.6513654470639125,0
STORE00688,2,1.5778045307611253,0
STORE00690,2,1.2420999277257716,0
STORE00691,2,2.826339462159376,1
STORE00694,1,0.6794052614172079,0
STORE00696,1,3.5516257259580324,1
STORE00697,2,1.336200728874379,0
STORE00703,1,0.487599463326865,0
STORE00704,1,1.5403896152192134,0
STORE00708,1,1.0076221184321614,0
STORE00713,1,1.1988465044462753,0
STORE00714,1,0.7307305141187876,0
STORE00717,0,3.05342871231594,1
STORE00722,2,1.6562839037732575,0
STORE00724,2,0.8719760728665223,0
STORE00725,1,0.9417767684636993,0
STORE00729,1,3.3842374573064355,1
STORE00731,2,1.179646758765096,0
STORE00741,2,0.5305913092440944,0
STORE00744,1,1.3285889681421017,0
STORE00747,1,0.5820694450696916,0
STORE00752,1,1.0176095744625127,0
STORE00753,2,1.546541026971075,0
STORE00755,2,0.8552916648254553,0
STORE00758,1,1.3162126564313632,0
STORE00760,2,0.6943301779013885,0
STORE00761,1,0.5344764366874761,0
STORE00765,1,1.1453933541145147,0
STORE00768,2,1.3848904222612612,0
STORE00769,2,1.0998069004821933,0
STORE00773,1,0.8710532548406448,0
STORE00779,2,7.8317578716772855,1
STORE00782,2,0.34466189894194593,0
STORE00785,2,2.456972837028086,0
STORE00786,1,0.18738708719617192,0
STORE00793,1,0.5756342557208618,0
STORE00796,2,2.4195475124706816,0
STORE00802,1,0.5320980099277989,0
STORE00807,1,0.3647726628987497,0
STORE00811,1,1.356096208449758,0
STORE00812,1,0.8809106510920046,0
STORE00824,2,3.4496616314866992,1
STORE00829,1,1.5415396658928424,0
STORE00839,1,0.671038815863469,0
STORE00840,1,2.6409587061340902,0
STORE00843,2,2.8177211929962143,1
STORE00844,1,0.641947311780227,0
STORE00847,0,3.916383222881499,1
STORE00853,0,2.484718839691471,0
STORE00861,2,1.2895874817422894,0
STORE00868,2,1.4550283031259124,0
STORE00871,1,1.5280035646455488,0
STORE00877,1,0.8007306228326234,0
STORE00879,1,1.0024161781948682,0
STORE00881,1,1.0902328278404334,0
STORE00882,2,0.739794091657303,0
STORE00883,2,2.8016565046521036,1
STORE00884,1,0.5737127604134836,0
STORE00892,2,0.5670313921414828,0
STORE00893,2,0.32495193915485837,0
STORE00894,1,0.42069822367932064,0
STORE00895,2,2.460147753753363,0
STORE00897,1,1.027818550544414,0
STORE00907,2,1.1271963230106272,0
STORE00909,2,2.42557075766457,0
STORE00910,2,1.0929100619932923,0
STORE00916,2,0.5740946550635798,0
STORE00920,1,0.6152759110544849,0
STORE00922,2,1.4962786399838388,0
STORE00927,2,0.7761616335187782,0
STORE00931,1,0.48542336988376283,0
STORE00933,1,1.6421108754454656,0
STORE00934,1,1.3979888064205677,0
STORE00935,2,1.3211112082588852,0
STORE00936,1,1.1749434339388567,0
STORE00944,1,1.606647436407923,0
STORE00960,2,1.3006534994163643,0
STORE00962,2,4.190844324849607,1
STORE00966,1,1.0016982554385818,0
STORE00973,2,0.4876634366702678,0
STORE00979,1,0.7317681455112701,0
STORE00980,1,0.4030261950147656,0
STORE00981,2,0.8228467001756968,0
STORE00987,2,0.6783019467701861,0
STORE00989,2,0.3089746224521252,0
STORE00992,1,0.31788961191408893,0
STORE00994,2,0.47319642205181794,0
STORE00996,1,0.7475125605437747,0
STORE01007,1,2.2013253722584123,0
STORE01008,1,2.290007734917701,0
STORE01016,1,1.2375051341726577,0
STORE01020,2,1.1888984909928868,0
STORE01026,2,2.1798677737302783,0
STORE01027,2,0.3149570198661154,0
STORE01029,1,0.5271738201330799,0
STORE01030,1,0.6520383374478582,0
STORE01035,1,1.2278142250290447,0
STORE01037,1,1.634967588430173,0
STORE01041,1,0.5999127329448991,0
STORE01051,1,1.2193477231157466,0
STORE01054,2,0.7812477892024009,0
STORE01056,1,0.8549290382935869,0
STORE01061,1,0.8329634883533816,0
STORE01062,0,4.3541304974340695,1
STORE01064,1,1.4290147474338917,0
STORE01066,1,1.610072200607004,0
STORE01069,2,1.3394688546601647,0
STORE01071,1,1.3524458993393622,0
STORE01074,1,1.2572397478448163,0
STORE01077,1,1.5386415346058984,0
STORE01080,2,0.6363201240923567,0
STORE01083,2,0.8259646279647584,0
STORE01090,2,1.1850579476517775,0
STORE01091,2,0.9299287558083563,0
STORE01093,2,0.5494607057508998,0
STORE01095,1,1.5638118564921788,0
STORE01109,1,0.9117485165989561,0
STORE01112,1,0.9539038508722086,0
STORE01113,1,0.37611328511035963,0
STORE01120,1,1.49538097524739,0
STORE01124,1,0.5746914329956861,0
STORE01125,1,0.8535805156381966,0
STORE01131,1,1.06804839451899,0
STORE01146,1,0.5321476097714616,0
STORE01152,1,0.589739274201366,0
STORE01153,2,1.1846032192305636,0
STORE01156,2,0.4058687965436318,0
STORE01160,1,0.7956177362964671,0
STORE01162,1,0.59492811386328,0
STORE01163,1,0.9710293478992734,0
STORE01166,2,1.107100107863712,0
STORE01170,2,1.0209292489100896,0
STORE01172,2,2.5080838934552476,0
STORE01181,2,0.9112695260774566,0
STORE01182,2,0.7978869399350791,0
STORE01184,1,0.3900137955800314,0
STORE01193,1,0.3103651768858115,0
STORE01198,1,0.5227135172408146,0
STORE01202,1,1.0750650349571178,0
STORE01207,1,0.34987453396800733,0
STORE01209,1,0.2831612430388808,0
STORE01215,1,0.9920838107675726,0
STORE01217,1,0.24015988280036737,0
STORE01224,2,1.6211414975401497,0
STORE01226,1,0.621726253248467,0
STORE01229,1,0.44434104130348195,0
STORE01230,1,1.4443143986840956,0
STORE01232,1,1.425786954161042,0
STORE01243,1,0.39961766629695566,0
STORE01245,1,0.3388473788539005,0
STORE01246,1,0.5024054483356231,0
STORE01248,2,1.39706159356086,0
STORE01252,2,2.33505022108075,0
STORE01253,1,1.5967868043303233,0
STORE01254,2,1.493193363040314,0
STORE01265,2,0.8130366500834469,0
STORE01266,1,1.3567307385396696,0
STORE01269,2,2.6807058203854037,1
STORE01272,1,1.585234949078873,0
STORE01280,1,1.5277672297586555,0
STORE01284,1,1.3695344876567188,0
STORE01286,2,0.38368962610375,0
STORE01287,1,0.4648656496027297,0
STORE01289,2,0.6690382211189584,0
STORE01291,2,1.185212348537536,0
STORE01298,2,1.4638147147928833,0
STORE01300,1,0.70876219373342,0
STORE01303,2,1.2274526741567562,0
STORE01305,2,2.828356923792859,1
STORE01306,1,1.6536069844951933,0
STORE01310,2,1.1680806944471673,0
STORE01313,1,0.46919472369741705,0
STORE01316,1,0.9044932890754386,0
STORE01328,1,0.9055090969211098,0
STORE01329,1,1.4291078789095637,0
STORE01330,2,0.8715312740698643,0
STORE01336,1,1.2115432177542227,0
STORE01338,1,0.14057788829914136,0
STORE01340,1,0.3359925201708971,0
STORE01342,1,1.3006821322339006,0
STORE01346,1,1.7572792766503715,0
STORE01348,1,0.49457458867911974,0
STORE01350,1,1.2335519330431208,0
STORE01352,1,1.025792349059974,0
STORE01354,1,0.5407577729946079,0
STORE01359,1,5.142514903995779,1
STORE01365,2,1.129123302865935,0
STORE01367,2,1.2611746551862113,0
STORE01368,2,1.3100902204197926,0
STORE01371,2,0.6015809568334178,0
STORE01375,1,0.8795260742456674,0
STORE01379,1,1.025718236006996,0
STORE01383,1,0.34283374451571363,0
STORE01385,1,1.0761063917568365,0
STORE01386,1,0.14478950476245056,0
STORE01388,2,0.6992585111910372,0
STORE01390,2,1.0433345110128085,0
STORE01392,1,0.5116765755213255,0
STORE01404,2,0.8738186933960832,0
STORE01409,1,0.6102071675085577,0
STORE01410,2,2.2223004999321287,0
STORE01417,1,1.5302917755529033,0
STORE01419,1,0.1298231453675999,0
STORE01420,2,1.532069535329722,0
STORE01423,1,3.6594979490990687,1
STORE01428,2,2.3488597373011664,0
STORE01429,1,0.28012398236150005,0
STORE01433,2,0.91356129796569,0
STORE01435,2,0.5720856029946869,0
STORE01441,1,1.9982232895088803,0
STORE01443,2,0.7856217493326555,0
STORE01453,1,0.33479014351944253,0
STORE01454,1,0.9225700190625475,0
STORE01456,2,1.5064801883087238,0
STORE01458,1,0.4948093870953195,0
STORE01461,1,0.6822817475516011,0
STORE01469,1,1.7073960005653555,0
STORE01474,2,1.6553843717816696,0
STORE01475,1,0.4665446322552099,0
STORE01484,1,0.6738635015965414,0
STORE01485,2,2.673688716691207,1
STORE01487,2,2.0671756490491893,0
STORE01490,1,1.8721896800326439,0
STORE01493,1,1.0890943325988818,0
STORE01501,2,1.1787892861542455,0
STORE01502,2,0.9301625240015563,0
STORE01506,2,0.439700402474562,0
STORE01507,1,0.7566897349498771,0
STORE01508,2,1.2019091278437561,0
STORE01513,2,1.2479632306148607,0
STORE01526,1,1.6325095020223823,0
STORE01528,1,0.6156276965902929,0
STORE01532,2,0.6443832855601292,0
STORE01533,1,1.2829216608804037,0
STORE01534,2,1.5661281259054236,0
STORE01535,2,2.615620470107134,0
STORE01546,1,1.560573884277582,0
STORE01555,2,0.7606261037961768,0
STORE01556,2,2.625351143337541,0
STORE01558,1,1.6392580518387958,0
STORE01562,2,1.1324847850862494,0
STORE01565,2,0.48923796480229576,0
STORE01567,1,0.845560167802394,0
STORE01571,1,1.470768327829189,0
STORE01573,1,0.7482259143738454,0
STORE01574,2,0.6717743413802523,0
STORE01595,2,2.605750207929827,0
STORE01596,2,0.7280980548210386,0
STORE01600,1,0.5830984144127112,0
STORE01602,1,0.5437292441910817,0
STORE01603,2,0.5274880765541811,0
STORE01604,1,2.739809572134485,1
STORE01614,1,0.3814874585145679,0
STORE01616,1,0.6699371295624436,0
STORE01619,2,0.7518732880723792,0
STORE01631,2,1.113175607423038,0
STORE01637,1,1.9369736476941466,0
STORE01638,2,1.0140838151644669,0
STORE01643,2,0.5010564851295324,0
STORE01645,1,0.3489747514996301,0
STORE01648,1,0.7613462091712782,0
STORE01650,2,1.1516988523599014,0
STORE01651,1,0.4172908446123509,0
STORE01653,1,1.5076947210594709,0
STORE01659,1,1.5411710253982698,0
STORE01664,2,0.5579599291624345,0
STORE01665,1,1.5552786218025516,0
STORE01667,1,1.234155368594154,0
STORE01668,1,0.5292611600978812,0
STORE01672,2,0.9223675398735983,0
STORE01674,1,1.2847929593939162,0
STORE01675,2,0.8417350188452161,0
STORE01681,2,1.4952119624144788,0
STORE01687,1,0.4035795548689012,0
STORE01695,1,0.41905933196908124,0
STORE01704,2,0.47858377928709034,0
STORE01707,1,1.754026632301439,0
STORE01708,1,0.7928298980828729,0
STORE01711,1,0.4726131252797743,0
STORE01719,1,1.5742038482790457,0
STORE01722,2,0.6367098250178221,0
STORE01723,1,1.4610319454452674,0
STORE01725,1,1.228038550308358,0
STORE01727,2,1.2348557774148623,0
STORE01735,2,0.5099011370472015,0
STORE01740,2,1.7786108187329823,0
STORE01741,1,0.32842923673275265,0
STORE01747,1,0.7030952334275675,0
STORE01750,2,1.1225976633192352,0
STORE01756,1,0.27430540225743094,0
STORE01758,1,2.722408027967941,1
STORE01759,2,0.734332275386466,0
STORE01764,2,0.4857094095795242,0
STORE01768,0,1.8547383937829325,0
STORE01769,2,3.5334468348670627,1
STORE01774,2,1.3521692988487768,0
STORE01778,2,0.6266978914647702,0
STORE01779,2,1.0888246897385736,0
STORE01780,2,1.4111955914209968,0
STORE01783,1,0.595108552725154,0
STORE01791,2,0.4054695232774461,0
STORE01792,1,1.0670691965144532,0
STORE01793,2,0.7340013688681866,0
STORE01794,1,1.328061778135152,0
STORE01798,2,1.4891354728238198,0
STORE01799,2,1.1034579914852218,0
STORE01804,2,2.085389806683866,0
STORE01812,1,0.8164203739217325,0
STORE01813,1,1.0485136205321772,0
STORE01815,2,1.1641287644937097,0
STORE01819,1,0.7194265748535181,0
STORE01824,0,2.2232265041071764,0
STORE01827,1,0.43874370593866313,0
STORE01832,2,1.228591024967651,0
STORE01847,1,0.7525949223918026,0
STORE01850,2,1.2314834323441615,0
STORE01854,1,0.49330643455811474,0
STORE01855,2,0.5022159133614449,0
STORE01856,2,4.0017342000659175,1
STORE01859,1,1.0062119826248757,0
STORE01864,1,1.1445355474379897,0
STORE01867,1,0.9524523981771856,0
STORE01891,1,0.7307909588748829,0
STORE01892,2,1.569124728787523,0
STORE01902,2,3.2004956844633803,1
STORE01914,1,0.615500088917054,0
STORE01921,2,1.1541608935912542,0
STORE01923,1,0.6904284392740372,0
STORE01934,1,0.9297242281501912,0
STORE01943,1,0.5540821703939937,0
STORE01946,2,1.0692679694557963,0
STORE01947,1,0.8699439044942413,0
STORE01948,1,1.463454399873535,0
STORE01955,1,0.7019622823620963,0
STORE01958,1,0.6641662287207338,0
STORE01968,1,0.698434181318831,0
STORE01969,1,0.274786110140446,0
STORE01970,1,0.8203551742132916,0
STORE01972,2,1.6078278094942446,0
STORE01974,1,0.8276157823696252,0
STORE01978,1,0.5420176042939925,0
STORE01980,1,0.2976844016382691,0
STORE01981,1,0.3653220894449806,0
STORE01982,2,1.7250278769278056,0
STORE01984,2,0.4551820254593759,0
STORE01989,1,0.9827022658938457,0
STORE01990,1,0.18622434432164658,0
STORE01999,2,0.5717963039024176,0
STORE02003,1,0.31741122172913966,0
STORE02007,2,1.5120716352569499,0
STORE02011,1,0.8688505368566021,0
STORE02012,2,3.0499038838640815,1
STORE02024,2,2.333547454969802,0
STORE02026,1,0.3017080391962606,0
STORE02031,1,1.4657057863822074,0
STORE02035,2,0.6299512320229393,0
STORE02037,1,0.6122926755710201,0
STORE02043,2,2.030876818124383,0
STORE02053,1,1.4372470105602768,0
STORE02058,2,0.6399019598616744,0
STORE02059,2,0.4416946983623479,0
STORE02060,2,1.4188989136543027,0
STORE02067,2,1.8941899697515046,0
STORE02074,2,1.4061650140211939,0
STORE02076,2,1.3904341649931755,0
STORE02085,1,1.4832756432052918,0
STORE02091,2,1.3470615766157301,0
STORE02104,1,0.8617717963207302,0
STORE02109,0,2.1244252673104334,0
STORE02113,2,0.8840890622780581,0
STORE02121,0,2.7684836466985296,1
STORE02126,2,1.254499532626754,0
STORE02128,2,0.8682480717261772,0
STORE02130,2,0.44406553284693623,0
STORE02133,2,1.4867694896172936,0
STORE02136,2,0.9541282887799252,0
STORE02138,1,0.557504523346023,0
STORE02141,2,1.4961345784155966,0
STORE02147,2,0.7031031275666536,0
STORE02152,2,0.7247287518211918,0
STORE02153,2,1.1892378242124004,0
STORE02156,1,0.29359747908706707,0
STORE02158,1,0.8420324902700638,0
STORE02161,1,0.6936008443696903,0
STORE02163,2,1.2252782878278885,0
STORE02166,2,1.919586837653162,0
STORE02170,2,0.9530536818740177,0
STORE02177,2,0.4413650771642519,0
STORE02184,1,0.44104748661667414,0
STORE02191,1,0.8486570269007818,0
STORE02192,2,1.47600081912464,0
STORE02194,2,2.8814739124700965,1
STORE02196,1,0.7844845526713944,0
STORE02206,1,2.586933956088732,0
STORE02222,1,2.193189675032025,0
STORE02231,1,0.966478022499282,0
STORE02232,2,0.8682224597242907,0
STORE02240,1,1.2731527435872032,0
STORE02242,1,0.8716412662198505,0
STORE02245,1,0.6386500337062653,0
STORE02250,1,0.9333835065260915,0
STORE02254,1,1.5698862653083334,0
STORE02255,1,0.2336177826512342,0
STORE02260,2,0.7657967148060142,0
STORE02266,1,0.5106888319247782,0
STORE02268,1,0.8579510535138455,0
STORE02277,1,1.480827423754875,0
STORE02279,2,1.5373166865016181,0
STORE02280,1,1.6218582339448162,0
STORE02282,1,0.2588003027777793,0
STORE02283,1,1.2456774246987192,0
STORE02286,1,1.745959204617201,0
STORE02289,2,1.7019368167001505,0
STORE02290,2,1.2503974306123822,0
STORE02291,1,0.3624551003728759,0
STORE02292,1,0.606436774310584,0
STORE02293,2,1.5876143264664069,0
STORE02296,2,0.9185444361779955,0
STORE02299,2,0.7947709034015217,0
STORE02303,1,1.5640726153292641,0
STORE02311,2,0.7352716572748331,0
STORE02312,1,0.23804839427113209,0
STORE02314,2,0.7811074052417036,0
STORE02318,2,0.7546416455680182,0
STORE02320,2,1.281327541839767,0
STORE02329,2,0.5384635524796771,0
STORE02332,2,3.0060476669397076,1
STORE02339,1,2.2953601777463044,0
STORE02345,2,1.638231529382347,0
STORE02355,1,1.4432916565520542,0
STORE02356,1,0.6625909238607562,0
STORE02357,1,20.118625038842147,1
STORE02362,1,1.0375848939052124,0
STORE02367,1,0.6352922962853901,0
STORE02370,2,1.196065561862796,0
STORE02372,2,1.2249132243092138,0
STORE02376,2,0.5110234269354667,0
STORE02377,2,1.0409172914059799,0
STORE02384,1,0.35240146497455793,0
STORE02395,1,0.869591064480238,0
STORE02398,2,0.938505218920468,0
STORE02403,1,0.7983642586691874,0
STORE02404,2,0.6082995491273175,0
STORE02406,1,0.9761055296978813,0
STORE02408,1,0.49632779041227953,0
STORE02410,1,0.7688846648660382,0
STORE02426,1,0.19149181984548339,0
STORE02427,2,0.49892287822158604,0
STORE02429,2,1.6601386902851583,0
STORE02437,1,0.5760306213212867,0
STORE02443,1,0.6335582977758348,0
STORE02447,1,0.3967677695900614,0
STORE02450,1,1.2096903740016558,0
STORE02451,1,1.0313901772736658,0
STORE02456,1,1.488197257255284,0
STORE02457,2,3.0091972879222997,1
STORE02458,2,1.4468652450184751,0
STORE02459,2,1.303570694805706,0
STORE02461,1,0.6775006801561789,0
STORE02464,1,0.7169033641396105,0
STORE02472,1,0.43076317738028835,0
STORE02474,1,0.4334601260854581,0
STORE02476,1,0.41772305755432687,0
STORE02478,1,1.4052960555636873,0
STORE02481,1,0.7890219044167729,0
STORE02482,2,2.076068600788203,0
STORE02487,1,0.5698550173989742,0
STORE02488,2,0.9077697459816162,0
STORE02491,1,1.6207401703730666,0
STORE02492,1,0.6348105488734928,0
STORE02493,1,1.1053804511850038,0
STORE02495,1,1.217472569190748,0
STORE02499,2,0.8642799231552564,0
STORE02504,1,2.2797048658985215,0
STORE02506,1,0.6350856751796143,0
STORE02508,2,1.2816328891896014,0
STORE02510,1,0.7399702183697194,0
STORE02515,1,0.9665948057028454,0
STORE02517,2,0.6815926225665944,0
STORE02524,1,0.485955591509382,0
STORE02525,1,1.4039835253685087,0
STORE02528,1,0.9527014413250539,0
STORE02531,1,0.46354612319093874,0
STORE02538,1,1.6220163553674107,0
STORE02539,2,0.7217469315762753,0
STORE02543,1,0.2657324345372013,0
STORE02546,1,0.8217074633308621,0
STORE02547,1,0.6582147063884201,0
STORE02561,1,2.4936669070605406,0
STORE02564,1,1.662542816399908,0
STORE02566,1,0.5797434760711582,0
STORE02573,2,3.43119221831762,1
STORE02575,2,2.9083962662013185,1
STORE02576,1,0.8076085630655035,0
STORE02577,1,2.4281208321066168,0
STORE02589,2,0.8863460803029022,0
STORE02597,2,0.9403618565862071,0
STORE02599,1,0.5568427858839387,0
STORE02603,1,0.7095381210484561,0
STORE02614,1,1.6030589306118919,0
STORE02619,1,0.7298564991071284,0
STORE02642,2,1.3880614929260555,0
STORE02644,1,1.3851201866734206,0
STORE02648,1,10.499598997570496,1
STORE02652,2,2.6140071937778417,0
STORE02653,1,0.6465049893311473,0
STORE02663,1,1.529105902640409,0
STORE02664,2,0.7275381309548727,0
STORE02674,1,0.8148693138890243,0
STORE02676,1,1.468136574864052,0
STORE02677,2,1.3767974404633068,0
STORE02683,2,1.3451914294043743,0
STORE02685,1,0.4012684489517601,0
STORE02688,2,0.812902686897359,0
STORE02691,2,1.3178273999481147,0
STORE02692,1,0.30945252575974297,0
STORE02694,1,0.7867964700395831,0
STORE02696,1,0.539894493311511,0
STORE02697,1,0.7044915981559413,0
STORE02701,1,0.8492888286870989,0
STORE02703,0,1.5937664512700371,0
STORE02705,1,0.4768868432128632,0
STORE02710,1,0.6193655534433161,0
STORE02719,2,0.8472474811925832,0
STORE02725,1,0.483620506123326,0
STORE02737,2,1.1331297269486895,0
STORE02741,2,0.955328232078215,0
STORE02742,2,0.8225492464959301,0
STORE02743,2,0.6203285852355626,0
STORE02744,2,1.1449147201092889,0
STORE02746,1,1.3981893671539787,0
STORE02747,1,0.7632191850053712,0
STORE02750,1,0.5074190758944794,0
STORE02751,2,0.6845089031138005,0
STORE02752,2,2.2571737577414153,0
STORE02756,1,0.47255282479787564,0
STORE02758,2,1.6354636012014474,0
STORE02760,1,1.4111799410558326,0
STORE02762,1,1.5097770647485804,0
STORE02766,1,0.6694588050558445,0
STORE02772,1,1.3771095543574716,0
STORE02776,1,0.9629790304860585,0
STORE02778,1,0.8210869653954245,0
STORE02779,2,2.380082849290301,0
STORE02784,2,1.3757868744838895,0
STORE02785,2,0.7690103999833134,0
STORE02786,2,1.5756144648736035,0
STORE02789,2,2.157904507982233,0
STORE02792,1,0.26735198395177495,0
STORE02797,1,1.8539064757585255,0
STORE02804,2,1.4527702817002095,0
STORE02806,1,0.5821496525595476,0
STORE02811,1,1.5842998655817782,0
STORE02813,1,0.7235918433213664,0
STORE02818,1,0.5797714528160801,0
STORE02824,1,0.3715355273442822,0
STORE02829,1,0.36899583102837835,0
STORE02832,2,1.4982930276590432,0
STORE02836,1,0.5483366279398374,0
STORE02838,2,0.7670903706808481,0
STORE02842,1,0.38592418287698416,0
STORE02845,2,0.6425644289843588,0
STORE02846,2,1.539539583248802,0
STORE02847,1,0.7886025307376591,0
STORE02848,1,1.2614540206353873,0
STORE02849,2,0.39011982808622625,0
STORE02852,2,1.5168643085862723,0
STORE02858,1,1.26543577423961,0
STORE02862,2,1.5828440815811862,0
STORE02863,1,0.5649183270397334,0
STORE02872,1,0.8862337021955262,0
STORE02876,2,0.9227480658853622,0
STORE02882,2,0.9965344832263592,0
STORE02883,2,0.8549457413688404,0
STORE02884,2,1.5210461906748691,0
STORE02889,1,0.5360229487774263,0
STORE02890,2,0.43940454367234894,0
STORE02899,1,1.5895259278554534,0
STORE02908,2,2.4938023566556624,0
