STORE_CODE,cluster,cluster_label
STORE00001,1,Cluster 1: High Volume
STORE00002,2,Cluster 2: Low Volume
STORE00003,1,Cluster 1: High Volume
STORE00004,1,Cluster 1: High Volume
STORE00006,1,Cluster 1: High Volume
STORE00007,2,Cluster 2: Low Volume
STORE00008,1,Cluster 1: High Volume
STORE00011,2,Cluster 2: Low Volume
STORE00013,1,Cluster 1: High Volume
STORE00015,1,Cluster 1: High Volume
STORE00018,2,Cluster 2: Low Volume
STORE00024,1,Cluster 1: High Volume
STORE00025,1,Cluster 1: High Volume
STORE00027,1,Cluster 1: High Volume
STORE00028,1,Cluster 1: High Volume
STORE00030,1,Cluster 1: High Volume
STORE00036,1,Cluster 1: High Volume
STORE00051,2,Cluster 2: Low Volume
STORE00059,2,Cluster 2: Low Volume
STORE00062,2,Cluster 2: Low Volume
STORE00065,1,Cluster 1: High Volume
STORE00068,2,Cluster 2: Low Volume
STORE00072,1,Cluster 1: High Volume
STORE00076,1,Cluster 1: High Volume
STORE00077,1,Cluster 1: High Volume
STORE00078,1,Cluster 1: High Volume
STORE00091,2,Cluster 2: Low Volume
STORE00093,2,Cluster 2: Low Volume
STORE00101,1,Cluster 1: High Volume
STORE00102,1,Cluster 1: High Volume
STORE00103,2,Cluster 2: Low Volume
STORE00107,1,Cluster 1: High Volume
STORE00109,2,Cluster 2: Low Volume
STORE00112,2,Cluster 2: Low Volume
STORE00113,1,Cluster 1: High Volume
STORE00114,2,Cluster 2: Low Volume
STORE00119,2,Cluster 2: Low Volume
STORE00120,2,Cluster 2: Low Volume
STORE00134,1,Cluster 1: High Volume
STORE00138,1,Cluster 1: High Volume
STORE00140,1,Cluster 1: High Volume
STORE00145,2,Cluster 2: Low Volume
STORE00150,1,Cluster 1: High Volume
STORE00153,2,Cluster 2: Low Volume
STORE00159,2,Cluster 2: Low Volume
STORE00162,2,Cluster 2: Low Volume
STORE00165,2,Cluster 2: Low Volume
STORE00177,2,Cluster 2: Low Volume
STORE00180,1,Cluster 1: High Volume
STORE00182,2,Cluster 2: Low Volume
STORE00183,2,Cluster 2: Low Volume
STORE00201,2,Cluster 2: Low Volume
STORE00202,1,Cluster 1: High Volume
STORE00204,2,Cluster 2: Low Volume
STORE00207,2,Cluster 2: Low Volume
STORE00210,2,Cluster 2: Low Volume
STORE00216,1,Cluster 1: High Volume
STORE00222,1,Cluster 1: High Volume
STORE00223,1,Cluster 1: High Volume
STORE00224,2,Cluster 2: Low Volume
STORE00227,1,Cluster 1: High Volume
STORE00229,2,Cluster 2: Low Volume
STORE00234,1,Cluster 1: High Volume
STORE00235,1,Cluster 1: High Volume
STORE00237,1,Cluster 1: High Volume
STORE00241,2,Cluster 2: Low Volume
STORE00242,2,Cluster 2: Low Volume
STORE00246,2,Cluster 2: Low Volume
STORE00251,1,Cluster 1: High Volume
STORE00272,2,Cluster 2: Low Volume
STORE00276,1,Cluster 1: High Volume
STORE00277,1,Cluster 1: High Volume
STORE00278,1,Cluster 1: High Volume
STORE00279,1,Cluster 1: High Volume
STORE00282,2,Cluster 2: Low Volume
STORE00288,1,Cluster 1: High Volume
STORE00289,1,Cluster 1: High Volume
STORE00290,1,Cluster 1: High Volume
STORE00291,1,Cluster 1: High Volume
STORE00296,1,Cluster 1: High Volume
STORE00299,2,Cluster 2: Low Volume
STORE00307,1,Cluster 1: High Volume
STORE00309,2,Cluster 2: Low Volume
STORE00317,2,Cluster 2: Low Volume
STORE00319,1,Cluster 1: High Volume
STORE00326,2,Cluster 2: Low Volume
STORE00327,1,Cluster 1: High Volume
STORE00332,2,Cluster 2: Low Volume
STORE00336,2,Cluster 2: Low Volume
STORE00337,1,Cluster 1: High Volume
STORE00342,2,Cluster 2: Low Volume
STORE00343,1,Cluster 1: High Volume
STORE00347,2,Cluster 2: Low Volume
STORE00350,2,Cluster 2: Low Volume
STORE00352,2,Cluster 2: Low Volume
STORE00353,2,Cluster 2: Low Volume
STORE00357,2,Cluster 2: Low Volume
STORE00358,2,Cluster 2: Low Volume
STORE00359,1,Cluster 1: High Volume
STORE00361,2,Cluster 2: Low Volume
STORE00371,2,Cluster 2: Low Volume
STORE00375,1,Cluster 1: High Volume
STORE00377,1,Cluster 1: High Volume
STORE00379,1,Cluster 1: High Volume
STORE00381,2,Cluster 2: Low Volume
STORE00385,2,Cluster 2: Low Volume
STORE00386,1,Cluster 1: High Volume
STORE00398,1,Cluster 1: High Volume
STORE00401,1,Cluster 1: High Volume
STORE00402,1,Cluster 1: High Volume
STORE00409,2,Cluster 2: Low Volume
STORE00412,2,Cluster 2: Low Volume
STORE00422,1,Cluster 1: High Volume
STORE00423,1,Cluster 1: High Volume
STORE00425,2,Cluster 2: Low Volume
STORE00426,2,Cluster 2: Low Volume
STORE00428,2,Cluster 2: Low Volume
STORE00432,1,Cluster 1: High Volume
STORE00433,2,Cluster 2: Low Volume
STORE00435,2,Cluster 2: Low Volume
STORE00441,1,Cluster 1: High Volume
STORE00452,2,Cluster 2: Low Volume
STORE00454,2,Cluster 2: Low Volume
STORE00457,2,Cluster 2: Low Volume
STORE00459,2,Cluster 2: Low Volume
STORE00460,1,Cluster 1: High Volume
STORE00468,2,Cluster 2: Low Volume
STORE00470,1,Cluster 1: High Volume
STORE00471,1,Cluster 1: High Volume
STORE00473,2,Cluster 2: Low Volume
STORE00474,1,Cluster 1: High Volume
STORE00476,1,Cluster 1: High Volume
STORE00478,2,Cluster 2: Low Volume
STORE00479,1,Cluster 1: High Volume
STORE00485,2,Cluster 2: Low Volume
STORE00488,2,Cluster 2: Low Volume
STORE00491,2,Cluster 2: Low Volume
STORE00494,2,Cluster 2: Low Volume
STORE00496,2,Cluster 2: Low Volume
STORE00500,1,Cluster 1: High Volume
STORE00502,1,Cluster 1: High Volume
STORE00508,1,Cluster 1: High Volume
STORE00526,2,Cluster 2: Low Volume
STORE00529,2,Cluster 2: Low Volume
STORE00531,1,Cluster 1: High Volume
STORE00533,1,Cluster 1: High Volume
STORE00535,1,Cluster 1: High Volume
STORE00537,2,Cluster 2: Low Volume
STORE00538,2,Cluster 2: Low Volume
STORE00542,2,Cluster 2: Low Volume
STORE00558,0,Cluster 0: Medium Volume
STORE00560,1,Cluster 1: High Volume
STORE00562,2,Cluster 2: Low Volume
STORE00573,1,Cluster 1: High Volume
STORE00574,1,Cluster 1: High Volume
STORE00582,1,Cluster 1: High Volume
STORE00584,2,Cluster 2: Low Volume
STORE00587,1,Cluster 1: High Volume
STORE00602,2,Cluster 2: Low Volume
STORE00603,1,Cluster 1: High Volume
STORE00604,1,Cluster 1: High Volume
STORE00611,1,Cluster 1: High Volume
STORE00615,1,Cluster 1: High Volume
STORE00616,2,Cluster 2: Low Volume
STORE00622,2,Cluster 2: Low Volume
STORE00625,1,Cluster 1: High Volume
STORE00631,1,Cluster 1: High Volume
STORE00633,1,Cluster 1: High Volume
STORE00637,2,Cluster 2: Low Volume
STORE00638,1,Cluster 1: High Volume
STORE00639,1,Cluster 1: High Volume
STORE00647,1,Cluster 1: High Volume
STORE00648,1,Cluster 1: High Volume
STORE00651,1,Cluster 1: High Volume
STORE00657,1,Cluster 1: High Volume
STORE00662,2,Cluster 2: Low Volume
STORE00663,2,Cluster 2: Low Volume
STORE00665,1,Cluster 1: High Volume
STORE00667,1,Cluster 1: High Volume
STORE00673,1,Cluster 1: High Volume
STORE00679,1,Cluster 1: High Volume
STORE00681,1,Cluster 1: High Volume
STORE00683,1,Cluster 1: High Volume
STORE00688,2,Cluster 2: Low Volume
STORE00690,2,Cluster 2: Low Volume
STORE00691,2,Cluster 2: Low Volume
STORE00694,1,Cluster 1: High Volume
STORE00696,1,Cluster 1: High Volume
STORE00697,2,Cluster 2: Low Volume
STORE00703,1,Cluster 1: High Volume
STORE00704,1,Cluster 1: High Volume
STORE00708,1,Cluster 1: High Volume
STORE00713,1,Cluster 1: High Volume
STORE00714,1,Cluster 1: High Volume
STORE00717,0,Cluster 0: Medium Volume
STORE00722,2,Cluster 2: Low Volume
STORE00724,2,Cluster 2: Low Volume
STORE00725,1,Cluster 1: High Volume
STORE00729,1,Cluster 1: High Volume
STORE00731,2,Cluster 2: Low Volume
STORE00741,2,Cluster 2: Low Volume
STORE00744,1,Cluster 1: High Volume
STORE00747,1,Cluster 1: High Volume
STORE00752,1,Cluster 1: High Volume
STORE00753,2,Cluster 2: Low Volume
STORE00755,2,Cluster 2: Low Volume
STORE00758,1,Cluster 1: High Volume
STORE00760,2,Cluster 2: Low Volume
STORE00761,1,Cluster 1: High Volume
STORE00765,1,Cluster 1: High Volume
STORE00768,2,Cluster 2: Low Volume
STORE00769,2,Cluster 2: Low Volume
STORE00773,1,Cluster 1: High Volume
STORE00779,2,Cluster 2: Low Volume
STORE00782,2,Cluster 2: Low Volume
STORE00785,2,Cluster 2: Low Volume
STORE00786,1,Cluster 1: High Volume
STORE00793,1,Cluster 1: High Volume
STORE00796,2,Cluster 2: Low Volume
STORE00802,1,Cluster 1: High Volume
STORE00807,1,Cluster 1: High Volume
STORE00811,1,Cluster 1: High Volume
STORE00812,1,Cluster 1: High Volume
STORE00824,2,Cluster 2: Low Volume
STORE00829,1,Cluster 1: High Volume
STORE00839,1,Cluster 1: High Volume
STORE00840,1,Cluster 1: High Volume
STORE00843,2,Cluster 2: Low Volume
STORE00844,1,Cluster 1: High Volume
STORE00847,0,Cluster 0: Medium Volume
STORE00853,0,Cluster 0: Medium Volume
STORE00861,2,Cluster 2: Low Volume
STORE00868,2,Cluster 2: Low Volume
STORE00871,1,Cluster 1: High Volume
STORE00877,1,Cluster 1: High Volume
STORE00879,1,Cluster 1: High Volume
STORE00881,1,Cluster 1: High Volume
STORE00882,2,Cluster 2: Low Volume
STORE00883,2,Cluster 2: Low Volume
STORE00884,1,Cluster 1: High Volume
STORE00892,2,Cluster 2: Low Volume
STORE00893,2,Cluster 2: Low Volume
STORE00894,1,Cluster 1: High Volume
STORE00895,2,Cluster 2: Low Volume
STORE00897,1,Cluster 1: High Volume
STORE00907,2,Cluster 2: Low Volume
STORE00909,2,Cluster 2: Low Volume
STORE00910,2,Cluster 2: Low Volume
STORE00916,2,Cluster 2: Low Volume
STORE00920,1,Cluster 1: High Volume
STORE00922,2,Cluster 2: Low Volume
STORE00927,2,Cluster 2: Low Volume
STORE00931,1,Cluster 1: High Volume
STORE00933,1,Cluster 1: High Volume
STORE00934,1,Cluster 1: High Volume
STORE00935,2,Cluster 2: Low Volume
STORE00936,1,Cluster 1: High Volume
STORE00944,1,Cluster 1: High Volume
STORE00960,2,Cluster 2: Low Volume
STORE00962,2,Cluster 2: Low Volume
STORE00966,1,Cluster 1: High Volume
STORE00973,2,Cluster 2: Low Volume
STORE00979,1,Cluster 1: High Volume
STORE00980,1,Cluster 1: High Volume
STORE00981,2,Cluster 2: Low Volume
STORE00987,2,Cluster 2: Low Volume
STORE00989,2,Cluster 2: Low Volume
STORE00992,1,Cluster 1: High Volume
STORE00994,2,Cluster 2: Low Volume
STORE00996,1,Cluster 1: High Volume
STORE01007,1,Cluster 1: High Volume
STORE01008,1,Cluster 1: High Volume
STORE01016,1,Cluster 1: High Volume
STORE01020,2,Cluster 2: Low Volume
STORE01026,2,Cluster 2: Low Volume
STORE01027,2,Cluster 2: Low Volume
STORE01029,1,Cluster 1: High Volume
STORE01030,1,Cluster 1: High Volume
STORE01035,1,Cluster 1: High Volume
STORE01037,1,Cluster 1: High Volume
STORE01041,1,Cluster 1: High Volume
STORE01051,1,Cluster 1: High Volume
STORE01054,2,Cluster 2: Low Volume
STORE01056,1,Cluster 1: High Volume
STORE01061,1,Cluster 1: High Volume
STORE01062,0,Cluster 0: Medium Volume
STORE01064,1,Cluster 1: High Volume
STORE01066,1,Cluster 1: High Volume
STORE01069,2,Cluster 2: Low Volume
STORE01071,1,Cluster 1: High Volume
STORE01074,1,Cluster 1: High Volume
STORE01077,1,Cluster 1: High Volume
STORE01080,2,Cluster 2: Low Volume
STORE01083,2,Cluster 2: Low Volume
STORE01090,2,Cluster 2: Low Volume
STORE01091,2,Cluster 2: Low Volume
STORE01093,2,Cluster 2: Low Volume
STORE01095,1,Cluster 1: High Volume
STORE01109,1,Cluster 1: High Volume
STORE01112,1,Cluster 1: High Volume
STORE01113,1,Cluster 1: High Volume
STORE01120,1,Cluster 1: High Volume
STORE01124,1,Cluster 1: High Volume
STORE01125,1,Cluster 1: High Volume
STORE01131,1,Cluster 1: High Volume
STORE01146,1,Cluster 1: High Volume
STORE01152,1,Cluster 1: High Volume
STORE01153,2,Cluster 2: Low Volume
STORE01156,2,Cluster 2: Low Volume
STORE01160,1,Cluster 1: High Volume
STORE01162,1,Cluster 1: High Volume
STORE01163,1,Cluster 1: High Volume
STORE01166,2,Cluster 2: Low Volume
STORE01170,2,Cluster 2: Low Volume
STORE01172,2,Cluster 2: Low Volume
STORE01181,2,Cluster 2: Low Volume
STORE01182,2,Cluster 2: Low Volume
STORE01184,1,Cluster 1: High Volume
STORE01193,1,Cluster 1: High Volume
STORE01198,1,Cluster 1: High Volume
STORE01202,1,Cluster 1: High Volume
STORE01207,1,Cluster 1: High Volume
STORE01209,1,Cluster 1: High Volume
STORE01215,1,Cluster 1: High Volume
STORE01217,1,Cluster 1: High Volume
STORE01224,2,Cluster 2: Low Volume
STORE01226,1,Cluster 1: High Volume
STORE01229,1,Cluster 1: High Volume
STORE01230,1,Cluster 1: High Volume
STORE01232,1,Cluster 1: High Volume
STORE01243,1,Cluster 1: High Volume
STORE01245,1,Cluster 1: High Volume
STORE01246,1,Cluster 1: High Volume
STORE01248,2,Cluster 2: Low Volume
STORE01252,2,Cluster 2: Low Volume
STORE01253,1,Cluster 1: High Volume
STORE01254,2,Cluster 2: Low Volume
STORE01265,2,Cluster 2: Low Volume
STORE01266,1,Cluster 1: High Volume
STORE01269,2,Cluster 2: Low Volume
STORE01272,1,Cluster 1: High Volume
STORE01280,1,Cluster 1: High Volume
STORE01284,1,Cluster 1: High Volume
STORE01286,2,Cluster 2: Low Volume
STORE01287,1,Cluster 1: High Volume
STORE01289,2,Cluster 2: Low Volume
STORE01291,2,Cluster 2: Low Volume
STORE01298,2,Cluster 2: Low Volume
STORE01300,1,Cluster 1: High Volume
STORE01303,2,Cluster 2: Low Volume
STORE01305,2,Cluster 2: Low Volume
STORE01306,1,Cluster 1: High Volume
STORE01310,2,Cluster 2: Low Volume
STORE01313,1,Cluster 1: High Volume
STORE01316,1,Cluster 1: High Volume
STORE01328,1,Cluster 1: High Volume
STORE01329,1,Cluster 1: High Volume
STORE01330,2,Cluster 2: Low Volume
STORE01336,1,Cluster 1: High Volume
STORE01338,1,Cluster 1: High Volume
STORE01340,1,Cluster 1: High Volume
STORE01342,1,Cluster 1: High Volume
STORE01346,1,Cluster 1: High Volume
STORE01348,1,Cluster 1: High Volume
STORE01350,1,Cluster 1: High Volume
STORE01352,1,Cluster 1: High Volume
STORE01354,1,Cluster 1: High Volume
STORE01359,1,Cluster 1: High Volume
STORE01365,2,Cluster 2: Low Volume
STORE01367,2,Cluster 2: Low Volume
STORE01368,2,Cluster 2: Low Volume
STORE01371,2,Cluster 2: Low Volume
STORE01375,1,Cluster 1: High Volume
STORE01379,1,Cluster 1: High Volume
STORE01383,1,Cluster 1: High Volume
STORE01385,1,Cluster 1: High Volume
STORE01386,1,Cluster 1: High Volume
STORE01388,2,Cluster 2: Low Volume
STORE01390,2,Cluster 2: Low Volume
STORE01392,1,Cluster 1: High Volume
STORE01404,2,Cluster 2: Low Volume
STORE01409,1,Cluster 1: High Volume
STORE01410,2,Cluster 2: Low Volume
STORE01417,1,Cluster 1: High Volume
STORE01419,1,Cluster 1: High Volume
STORE01420,2,Cluster 2: Low Volume
STORE01423,1,Cluster 1: High Volume
STORE01428,2,Cluster 2: Low Volume
STORE01429,1,Cluster 1: High Volume
STORE01433,2,Cluster 2: Low Volume
STORE01435,2,Cluster 2: Low Volume
STORE01441,1,Cluster 1: High Volume
STORE01443,2,Cluster 2: Low Volume
STORE01453,1,Cluster 1: High Volume
STORE01454,1,Cluster 1: High Volume
STORE01456,2,Cluster 2: Low Volume
STORE01458,1,Cluster 1: High Volume
STORE01461,1,Cluster 1: High Volume
STORE01469,1,Cluster 1: High Volume
STORE01474,2,Cluster 2: Low Volume
STORE01475,1,Cluster 1: High Volume
STORE01484,1,Cluster 1: High Volume
STORE01485,2,Cluster 2: Low Volume
STORE01487,2,Cluster 2: Low Volume
STORE01490,1,Cluster 1: High Volume
STORE01493,1,Cluster 1: High Volume
STORE01501,2,Cluster 2: Low Volume
STORE01502,2,Cluster 2: Low Volume
STORE01506,2,Cluster 2: Low Volume
STORE01507,1,Cluster 1: High Volume
STORE01508,2,Cluster 2: Low Volume
STORE01513,2,Cluster 2: Low Volume
STORE01526,1,Cluster 1: High Volume
STORE01528,1,Cluster 1: High Volume
STORE01532,2,Cluster 2: Low Volume
STORE01533,1,Cluster 1: High Volume
STORE01534,2,Cluster 2: Low Volume
STORE01535,2,Cluster 2: Low Volume
STORE01546,1,Cluster 1: High Volume
STORE01555,2,Cluster 2: Low Volume
STORE01556,2,Cluster 2: Low Volume
STORE01558,1,Cluster 1: High Volume
STORE01562,2,Cluster 2: Low Volume
STORE01565,2,Cluster 2: Low Volume
STORE01567,1,Cluster 1: High Volume
STORE01571,1,Cluster 1: High Volume
STORE01573,1,Cluster 1: High Volume
STORE01574,2,Cluster 2: Low Volume
STORE01595,2,Cluster 2: Low Volume
STORE01596,2,Cluster 2: Low Volume
STORE01600,1,Cluster 1: High Volume
STORE01602,1,Cluster 1: High Volume
STORE01603,2,Cluster 2: Low Volume
STORE01604,1,Cluster 1: High Volume
STORE01614,1,Cluster 1: High Volume
STORE01616,1,Cluster 1: High Volume
STORE01619,2,Cluster 2: Low Volume
STORE01631,2,Cluster 2: Low Volume
STORE01637,1,Cluster 1: High Volume
STORE01638,2,Cluster 2: Low Volume
STORE01643,2,Cluster 2: Low Volume
STORE01645,1,Cluster 1: High Volume
STORE01648,1,Cluster 1: High Volume
STORE01650,2,Cluster 2: Low Volume
STORE01651,1,Cluster 1: High Volume
STORE01653,1,Cluster 1: High Volume
STORE01659,1,Cluster 1: High Volume
STORE01664,2,Cluster 2: Low Volume
STORE01665,1,Cluster 1: High Volume
STORE01667,1,Cluster 1: High Volume
STORE01668,1,Cluster 1: High Volume
STORE01672,2,Cluster 2: Low Volume
STORE01674,1,Cluster 1: High Volume
STORE01675,2,Cluster 2: Low Volume
STORE01681,2,Cluster 2: Low Volume
STORE01687,1,Cluster 1: High Volume
STORE01695,1,Cluster 1: High Volume
STORE01704,2,Cluster 2: Low Volume
STORE01707,1,Cluster 1: High Volume
STORE01708,1,Cluster 1: High Volume
STORE01711,1,Cluster 1: High Volume
STORE01719,1,Cluster 1: High Volume
STORE01722,2,Cluster 2: Low Volume
STORE01723,1,Cluster 1: High Volume
STORE01725,1,Cluster 1: High Volume
STORE01727,2,Cluster 2: Low Volume
STORE01735,2,Cluster 2: Low Volume
STORE01740,2,Cluster 2: Low Volume
STORE01741,1,Cluster 1: High Volume
STORE01747,1,Cluster 1: High Volume
STORE01750,2,Cluster 2: Low Volume
STORE01756,1,Cluster 1: High Volume
STORE01758,1,Cluster 1: High Volume
STORE01759,2,Cluster 2: Low Volume
STORE01764,2,Cluster 2: Low Volume
STORE01768,0,Cluster 0: Medium Volume
STORE01769,2,Cluster 2: Low Volume
STORE01774,2,Cluster 2: Low Volume
STORE01778,2,Cluster 2: Low Volume
STORE01779,2,Cluster 2: Low Volume
STORE01780,2,Cluster 2: Low Volume
STORE01783,1,Cluster 1: High Volume
STORE01791,2,Cluster 2: Low Volume
STORE01792,1,Cluster 1: High Volume
STORE01793,2,Cluster 2: Low Volume
STORE01794,1,Cluster 1: High Volume
STORE01798,2,Cluster 2: Low Volume
STORE01799,2,Cluster 2: Low Volume
STORE01804,2,Cluster 2: Low Volume
STORE01812,1,Cluster 1: High Volume
STORE01813,1,Cluster 1: High Volume
STORE01815,2,Cluster 2: Low Volume
STORE01819,1,Cluster 1: High Volume
STORE01824,0,Cluster 0: Medium Volume
STORE01827,1,Cluster 1: High Volume
STORE01832,2,Cluster 2: Low Volume
STORE01847,1,Cluster 1: High Volume
STORE01850,2,Cluster 2: Low Volume
STORE01854,1,Cluster 1: High Volume
STORE01855,2,Cluster 2: Low Volume
STORE01856,2,Cluster 2: Low Volume
STORE01859,1,Cluster 1: High Volume
STORE01864,1,Cluster 1: High Volume
STORE01867,1,Cluster 1: High Volume
STORE01891,1,Cluster 1: High Volume
STORE01892,2,Cluster 2: Low Volume
STORE01902,2,Cluster 2: Low Volume
STORE01914,1,Cluster 1: High Volume
STORE01921,2,Cluster 2: Low Volume
STORE01923,1,Cluster 1: High Volume
STORE01934,1,Cluster 1: High Volume
STORE01943,1,Cluster 1: High Volume
STORE01946,2,Cluster 2: Low Volume
STORE01947,1,Cluster 1: High Volume
STORE01948,1,Cluster 1: High Volume
STORE01955,1,Cluster 1: High Volume
STORE01958,1,Cluster 1: High Volume
STORE01968,1,Cluster 1: High Volume
STORE01969,1,Cluster 1: High Volume
STORE01970,1,Cluster 1: High Volume
STORE01972,2,Cluster 2: Low Volume
STORE01974,1,Cluster 1: High Volume
STORE01978,1,Cluster 1: High Volume
STORE01980,1,Cluster 1: High Volume
STORE01981,1,Cluster 1: High Volume
STORE01982,2,Cluster 2: Low Volume
STORE01984,2,Cluster 2: Low Volume
STORE01989,1,Cluster 1: High Volume
STORE01990,1,Cluster 1: High Volume
STORE01999,2,Cluster 2: Low Volume
STORE02003,1,Cluster 1: High Volume
STORE02007,2,Cluster 2: Low Volume
STORE02011,1,Cluster 1: High Volume
STORE02012,2,Cluster 2: Low Volume
STORE02024,2,Cluster 2: Low Volume
STORE02026,1,Cluster 1: High Volume
STORE02031,1,Cluster 1: High Volume
STORE02035,2,Cluster 2: Low Volume
STORE02037,1,Cluster 1: High Volume
STORE02043,2,Cluster 2: Low Volume
STORE02053,1,Cluster 1: High Volume
STORE02058,2,Cluster 2: Low Volume
STORE02059,2,Cluster 2: Low Volume
STORE02060,2,Cluster 2: Low Volume
STORE02067,2,Cluster 2: Low Volume
STORE02074,2,Cluster 2: Low Volume
STORE02076,2,Cluster 2: Low Volume
STORE02085,1,Cluster 1: High Volume
STORE02091,2,Cluster 2: Low Volume
STORE02104,1,Cluster 1: High Volume
STORE02109,0,Cluster 0: Medium Volume
STORE02113,2,Cluster 2: Low Volume
STORE02121,0,Cluster 0: Medium Volume
STORE02126,2,Cluster 2: Low Volume
STORE02128,2,Cluster 2: Low Volume
STORE02130,2,Cluster 2: Low Volume
STORE02133,2,Cluster 2: Low Volume
STORE02136,2,Cluster 2: Low Volume
STORE02138,1,Cluster 1: High Volume
STORE02141,2,Cluster 2: Low Volume
STORE02147,2,Cluster 2: Low Volume
STORE02152,2,Cluster 2: Low Volume
STORE02153,2,Cluster 2: Low Volume
STORE02156,1,Cluster 1: High Volume
STORE02158,1,Cluster 1: High Volume
STORE02161,1,Cluster 1: High Volume
STORE02163,2,Cluster 2: Low Volume
STORE02166,2,Cluster 2: Low Volume
STORE02170,2,Cluster 2: Low Volume
STORE02177,2,Cluster 2: Low Volume
STORE02184,1,Cluster 1: High Volume
STORE02191,1,Cluster 1: High Volume
STORE02192,2,Cluster 2: Low Volume
STORE02194,2,Cluster 2: Low Volume
STORE02196,1,Cluster 1: High Volume
STORE02206,1,Cluster 1: High Volume
STORE02222,1,Cluster 1: High Volume
STORE02231,1,Cluster 1: High Volume
STORE02232,2,Cluster 2: Low Volume
STORE02240,1,Cluster 1: High Volume
STORE02242,1,Cluster 1: High Volume
STORE02245,1,Cluster 1: High Volume
STORE02250,1,Cluster 1: High Volume
STORE02254,1,Cluster 1: High Volume
STORE02255,1,Cluster 1: High Volume
STORE02260,2,Cluster 2: Low Volume
STORE02266,1,Cluster 1: High Volume
STORE02268,1,Cluster 1: High Volume
STORE02277,1,Cluster 1: High Volume
STORE02279,2,Cluster 2: Low Volume
STORE02280,1,Cluster 1: High Volume
STORE02282,1,Cluster 1: High Volume
STORE02283,1,Cluster 1: High Volume
STORE02286,1,Cluster 1: High Volume
STORE02289,2,Cluster 2: Low Volume
STORE02290,2,Cluster 2: Low Volume
STORE02291,1,Cluster 1: High Volume
STORE02292,1,Cluster 1: High Volume
STORE02293,2,Cluster 2: Low Volume
STORE02296,2,Cluster 2: Low Volume
STORE02299,2,Cluster 2: Low Volume
STORE02303,1,Cluster 1: High Volume
STORE02311,2,Cluster 2: Low Volume
STORE02312,1,Cluster 1: High Volume
STORE02314,2,Cluster 2: Low Volume
STORE02318,2,Cluster 2: Low Volume
STORE02320,2,Cluster 2: Low Volume
STORE02329,2,Cluster 2: Low Volume
STORE02332,2,Cluster 2: Low Volume
STORE02339,1,Cluster 1: High Volume
STORE02345,2,Cluster 2: Low Volume
STORE02355,1,Cluster 1: High Volume
STORE02356,1,Cluster 1: High Volume
STORE02357,1,Cluster 1: High Volume
STORE02362,1,Cluster 1: High Volume
STORE02367,1,Cluster 1: High Volume
STORE02370,2,Cluster 2: Low Volume
STORE02372,2,Cluster 2: Low Volume
STORE02376,2,Cluster 2: Low Volume
STORE02377,2,Cluster 2: Low Volume
STORE02384,1,Cluster 1: High Volume
STORE02395,1,Cluster 1: High Volume
STORE02398,2,Cluster 2: Low Volume
STORE02403,1,Cluster 1: High Volume
STORE02404,2,Cluster 2: Low Volume
STORE02406,1,Cluster 1: High Volume
STORE02408,1,Cluster 1: High Volume
STORE02410,1,Cluster 1: High Volume
STORE02426,1,Cluster 1: High Volume
STORE02427,2,Cluster 2: Low Volume
STORE02429,2,Cluster 2: Low Volume
STORE02437,1,Cluster 1: High Volume
STORE02443,1,Cluster 1: High Volume
STORE02447,1,Cluster 1: High Volume
STORE02450,1,Cluster 1: High Volume
STORE02451,1,Cluster 1: High Volume
STORE02456,1,Cluster 1: High Volume
STORE02457,2,Cluster 2: Low Volume
STORE02458,2,Cluster 2: Low Volume
STORE02459,2,Cluster 2: Low Volume
STORE02461,1,Cluster 1: High Volume
STORE02464,1,Cluster 1: High Volume
STORE02472,1,Cluster 1: High Volume
STORE02474,1,Cluster 1: High Volume
STORE02476,1,Cluster 1: High Volume
STORE02478,1,Cluster 1: High Volume
STORE02481,1,Cluster 1: High Volume
STORE02482,2,Cluster 2: Low Volume
STORE02487,1,Cluster 1: High Volume
STORE02488,2,Cluster 2: Low Volume
STORE02491,1,Cluster 1: High Volume
STORE02492,1,Cluster 1: High Volume
STORE02493,1,Cluster 1: High Volume
STORE02495,1,Cluster 1: High Volume
STORE02499,2,Cluster 2: Low Volume
STORE02504,1,Cluster 1: High Volume
STORE02506,1,Cluster 1: High Volume
STORE02508,2,Cluster 2: Low Volume
STORE02510,1,Cluster 1: High Volume
STORE02515,1,Cluster 1: High Volume
STORE02517,2,Cluster 2: Low Volume
STORE02524,1,Cluster 1: High Volume
STORE02525,1,Cluster 1: High Volume
STORE02528,1,Cluster 1: High Volume
STORE02531,1,Cluster 1: High Volume
STORE02538,1,Cluster 1: High Volume
STORE02539,2,Cluster 2: Low Volume
STORE02543,1,Cluster 1: High Volume
STORE02546,1,Cluster 1: High Volume
STORE02547,1,Cluster 1: High Volume
STORE02561,1,Cluster 1: High Volume
STORE02564,1,Cluster 1: High Volume
STORE02566,1,Cluster 1: High Volume
STORE02573,2,Cluster 2: Low Volume
STORE02575,2,Cluster 2: Low Volume
STORE02576,1,Cluster 1: High Volume
STORE02577,1,Cluster 1: High Volume
STORE02589,2,Cluster 2: Low Volume
STORE02597,2,Cluster 2: Low Volume
STORE02599,1,Cluster 1: High Volume
STORE02603,1,Cluster 1: High Volume
STORE02614,1,Cluster 1: High Volume
STORE02619,1,Cluster 1: High Volume
STORE02642,2,Cluster 2: Low Volume
STORE02644,1,Cluster 1: High Volume
STORE02648,1,Cluster 1: High Volume
STORE02652,2,Cluster 2: Low Volume
STORE02653,1,Cluster 1: High Volume
STORE02663,1,Cluster 1: High Volume
STORE02664,2,Cluster 2: Low Volume
STORE02674,1,Cluster 1: High Volume
STORE02676,1,Cluster 1: High Volume
STORE02677,2,Cluster 2: Low Volume
STORE02683,2,Cluster 2: Low Volume
STORE02685,1,Cluster 1: High Volume
STORE02688,2,Cluster 2: Low Volume
STORE02691,2,Cluster 2: Low Volume
STORE02692,1,Cluster 1: High Volume
STORE02694,1,Cluster 1: High Volume
STORE02696,1,Cluster 1: High Volume
STORE02697,1,Cluster 1: High Volume
STORE02701,1,Cluster 1: High Volume
STORE02703,0,Cluster 0: Medium Volume
STORE02705,1,Cluster 1: High Volume
STORE02710,1,Cluster 1: High Volume
STORE02719,2,Cluster 2: Low Volume
STORE02725,1,Cluster 1: High Volume
STORE02737,2,Cluster 2: Low Volume
STORE02741,2,Cluster 2: Low Volume
STORE02742,2,Cluster 2: Low Volume
STORE02743,2,Cluster 2: Low Volume
STORE02744,2,Cluster 2: Low Volume
STORE02746,1,Cluster 1: High Volume
STORE02747,1,Cluster 1: High Volume
STORE02750,1,Cluster 1: High Volume
STORE02751,2,Cluster 2: Low Volume
STORE02752,2,Cluster 2: Low Volume
STORE02756,1,Cluster 1: High Volume
STORE02758,2,Cluster 2: Low Volume
STORE02760,1,Cluster 1: High Volume
STORE02762,1,Cluster 1: High Volume
STORE02766,1,Cluster 1: High Volume
STORE02772,1,Cluster 1: High Volume
STORE02776,1,Cluster 1: High Volume
STORE02778,1,Cluster 1: High Volume
STORE02779,2,Cluster 2: Low Volume
STORE02784,2,Cluster 2: Low Volume
STORE02785,2,Cluster 2: Low Volume
STORE02786,2,Cluster 2: Low Volume
STORE02789,2,Cluster 2: Low Volume
STORE02792,1,Cluster 1: High Volume
STORE02797,1,Cluster 1: High Volume
STORE02804,2,Cluster 2: Low Volume
STORE02806,1,Cluster 1: High Volume
STORE02811,1,Cluster 1: High Volume
STORE02813,1,Cluster 1: High Volume
STORE02818,1,Cluster 1: High Volume
STORE02824,1,Cluster 1: High Volume
STORE02829,1,Cluster 1: High Volume
STORE02832,2,Cluster 2: Low Volume
STORE02836,1,Cluster 1: High Volume
STORE02838,2,Cluster 2: Low Volume
STORE02842,1,Cluster 1: High Volume
STORE02845,2,Cluster 2: Low Volume
STORE02846,2,Cluster 2: Low Volume
STORE02847,1,Cluster 1: High Volume
STORE02848,1,Cluster 1: High Volume
STORE02849,2,Cluster 2: Low Volume
STORE02852,2,Cluster 2: Low Volume
STORE02858,1,Cluster 1: High Volume
STORE02862,2,Cluster 2: Low Volume
STORE02863,1,Cluster 1: High Volume
STORE02872,1,Cluster 1: High Volume
STORE02876,2,Cluster 2: Low Volume
STORE02882,2,Cluster 2: Low Volume
STORE02883,2,Cluster 2: Low Volume
STORE02884,2,Cluster 2: Low Volume
STORE02889,1,Cluster 1: High Volume
STORE02890,2,Cluster 2: Low Volume
STORE02899,1,Cluster 1: High Volume
STORE02908,2,Cluster 2: Low Volume
